{
  "images": [
    {
      "scale": "2x",
      "size": "20x20",
      "idiom": "iphone",
      "filename": "cover2.png"
    },
    {
      "scale": "3x",
      "size": "20x20",
      "idiom": "iphone",
      "filename": "cover60.png"
    },
    {
      "scale": "2x",
      "size": "29x29",
      "idiom": "iphone",
      "filename": "cover58.png"
    },
    {
      "scale": "3x",
      "size": "29x29",
      "idiom": "iphone",
      "filename": "cover87.png"
    },
    {
      "scale": "2x",
      "size": "40x40",
      "idiom": "iphone",
      "filename": "cover80.png"
    },
    {
      "scale": "3x",
      "size": "40x40",
      "idiom": "iphone",
      "filename": "cover1201.png"
    },
    {
      "scale": "2x",
      "size": "60x60",
      "idiom": "iphone",
      "filename": "cover120.png"
    },
    {
      "scale": "3x",
      "size": "60x60",
      "idiom": "iphone",
      "filename": "cover180.png"
    },
    {
      "scale": "1x",
      "size": "20x20",
      "idiom": "ipad",
      "filename": "cover20.png"
    },
    {
      "scale": "2x",
      "size": "20x20",
      "idiom": "ipad",
      "filename": "cover3.png"
    },
    {
      "scale": "1x",
      "size": "29x29",
      "idiom": "ipad",
      "filename": "cover29.png"
    },
    {
      "scale": "2x",
      "size": "29x29",
      "idiom": "ipad",
      "filename": "cover581.png"
    },
    {
      "scale": "1x",
      "size": "40x40",
      "idiom": "ipad",
      "filename": "cover1.png"
    },
    {
      "scale": "2x",
      "size": "40x40",
      "idiom": "ipad",
      "filename": "cover@2.png"
    },
    {
      "scale": "1x",
      "size": "76x76",
      "idiom": "ipad",
      "filename": "cover76.png"
    },
    {
      "scale": "2x",
      "size": "76x76",
      "idiom": "ipad",
      "filename": "cover76@2.png"
    },
    {
      "scale": "2x",
      "size": "83.5x83.5",
      "idiom": "ipad",
      "filename": "cover167.png"
    },
    {
      "scale": "1x",
      "size": "1024x1024",
      "idiom": "ios-marketing",
      "filename": "cover.png"
    }
  ],
  "properties": {},
  "info": {
    "version": 1,
    "author": "xcode"
  }
}